episode,reward
1,-6.172619
2,-2.533532
3,-5.831349
4,-4.206548
5,-4.05
6,-0.214683
7,-2.080159
8,-8.322222
9,-6.934524
10,-4.894444
11,5.210714
12,-6.979365
13,-5.019048
14,-5.462698
15,-9.019643
16,-4.491667
17,-8.283333
18,-0.848016
19,-4.542063
20,-2.071032
21,-8.287897
22,-15.005357
23,-3.883333
24,-0.981548
25,-1.752381
26,-6.318651
27,-4.391667
28,5.511905
29,4.194444
30,-11.222024
31,-8.418254
32,-5.107937
33,-8.996429
34,-5.780159
35,-10.793651
36,-1.471825
37,1.376786
38,-6.898214
39,0.50754
40,1.316667
41,-13.032143
42,4.036508
43,-5.513095
44,-3.84881
45,3.675
46,-3.666667
47,-12.324206
48,-11.6875
49,-7.608333
50,-3.822619
51,-7.9875
52,-4.6375
53,-11.422619
54,-8.299008
55,-0.550595
56,5.253571
57,-4.480952
58,-7.957341
59,-0.955159
60,-7.941071
61,4.928175
62,-3.994841
63,-6.844048
64,-16.507143
65,-6.008333
66,-0.563095
67,-1.793452
68,0.169048
69,2.973016
70,2.619444
71,1.528571
72,6.596032
73,5.892857
74,-6.031746
75,0.147222
76,7.333333
77,1.564286
78,4.535317
79,-3.266667
80,4.46746
81,-3.77619
82,5.349206
83,6.333333
84,1.359524
85,0.674206
86,5.821429
87,6.124603
88,-3.165079
89,2.044841
90,1.425397
91,-3.178571
92,1.667063
93,2.214286
94,-4.989286
95,0.891667
96,2.333333
97,1.009127
98,5.178968
99,7.898413
100,3.033333
101,3.830952
102,0.862698
103,4.528968
104,12.829762
105,-2.421032
106,4.484524
107,8.588889
108,4.461508
109,6.703571
110,1.492063
111,0.169048
112,1.300198
113,0.775794
114,11.216667
115,5.110317
116,2.486508
117,1.164683
118,-1.454762
119,2.862302
120,7.148016
121,11.158333
122,2.046825
123,3.676984
124,0.201984
125,9.129762
126,6.483333
127,0.147619
128,7.938889
129,7.020635
130,6.063095
131,2.581548
132,5.135317
133,4.227381
134,11.24246
135,5.144444
136,-1.514286
137,-4.05
138,2.934524
139,4.594444
140,6.602778
141,11.036111
142,3.144444
143,10.36746
144,2.645635
145,12.65
146,3.233333
147,9.883333
148,8.583333
149,1.25754
150,17.477778
151,3.116667
152,0.843651
153,6.501587
154,14.758333
155,5.494048
156,1.066667
157,5.946825
158,-2.458333
159,4.47619
160,8.411111
161,5.249802
162,8.243254
163,2.537302
164,3.777778
165,3.124603
166,2.731746
167,10.00119
168,14.663889
169,10.344444
170,4.195238
171,9.620635
172,2.513492
173,17.175
174,-1.232937
175,3.944444
176,6.374603
177,1.949802
178,3.491667
179,5.165079
180,12.663889
181,6.357937
182,4.059921
183,14.729762
184,15.60119
185,12.075
186,2.827778
187,11.897222
188,10.141667
189,3.713889
190,2.410714
191,13.208333
192,9.998413
193,3.661905
194,5.483135
195,8.880556
196,5.933333
197,14.40119
198,9.915873
199,3.159524
200,15.333333
201,5.583333
202,6.812698
203,4.87619
204,6.256746
205,2.766667
206,10.230556
207,7.380556
208,13.875595
209,4.910317
210,2.943651
211,12.786111
212,12.972222
213,4.105159
214,7.244444
215,6.019444
216,14.373413
217,15.838889
218,-0.472222
219,11.725
220,7.445635
221,7.966667
222,6.802778
223,14.680556
224,5.748016
225,6.447619
226,17.016667
227,15.797024
228,3.615873
229,5.086905
230,10.328968
231,6.103571
232,8.731349
233,8.924603
234,12.908333
235,13.325
236,5.375
237,9.375
238,3.238889
239,12.391667
240,14.963889
241,18.711111
242,4.296825
243,3.227381
244,10.183333
245,11.888889
246,7.759921
247,19.916667
248,10.566667
249,4.508333
250,10.302778
251,18.896429
252,14.063889
253,6.674206
254,19.666667
255,16.771429
256,3.581746
257,3.819444
258,9.511111
259,5.661111
260,12.383333
261,4.309524
262,14.633333
263,12.665079
264,15.308333
265,16.271429
266,20.25
267,10.130556
268,5.3
269,14.391667
270,3.179762
271,7.672222
272,3.45754
273,2.375
274,14.746429
275,5.210714
276,6.346825
277,16.633333
278,19.25
279,16.841667
280,13.571032
281,4.778968
282,18.129762
283,7.170635
284,19.333333
285,5.755556
286,15.191667
287,8.411111
288,9.51627
289,16.941667
290,6.786111
291,14.325
292,22.297222
293,2.999802
294,2.789286
295,6.390079
296,15.366667
297,8.025
298,2.241667
299,2.575595
300,13.360317
301,17.433333
302,19.741667
303,11.636111
304,17.741667
305,9.184524
306,5.418651
307,9.649603
308,21.416667
309,19.85
310,15.575
311,7.347222
312,4.175
313,5.441468
314,17.366667
315,17.916667
316,20.666667
317,5.500397
318,5.580556
319,7.404762
320,14.892857
321,11.975
322,19.27619
323,19.475
324,5.721032
325,7.46131
326,12.852778
327,10.533333
328,21.35
329,17.479762
330,7.160317
331,13.544444
332,5.116667
333,16.333333
334,6.580556
335,9.341667
336,20.916667
337,16.894444
338,20.891667
339,6.658333
340,19.075
341,22.1
342,20.088889
343,2.725
344,21.266667
345,23.166667
346,21.083333
347,6.10754
348,11.355556
349,18.063095
350,10.666667
351,19.422222
352,19.891667
353,14.172222
354,7.252778
355,11.619444
356,21.5
357,18.35
358,16.775
359,6.302778
360,12.133333
361,19.516667
362,17.775
363,9.322222
364,19.825
365,3.925
366,14.366667
367,5.405556
368,18.725
369,14.547222
370,20.558333
371,17.269444
372,22.141667
373,7.089683
374,11.341667
375,9.447024
376,19.475
377,2.425
378,20.475
379,18.808333
380,18.488889
381,22.244444
382,14.425
383,22.5
384,3.808333
385,6.738889
386,11.421429
387,18.358333
388,7.808929
389,19.063889
390,9.765079
391,22.0
392,21.0
393,19.833333
394,15.466667
395,10.73254
396,21.391667
397,10.434127
398,12.558929
399,18.463889
400,14.505556
401,18.030556
402,10.658333
403,21.5
404,20.916667
405,18.266667
406,8.438889
407,16.95
408,13.091667
409,18.35
410,17.85
411,18.975
412,19.533333
413,19.975
414,12.891667
415,16.663095
416,22.0
417,15.225
418,10.336111
419,22.666667
420,5.658333
421,14.755556
422,18.275
423,19.158333
424,17.755357
425,17.166667
426,20.544444
427,18.45
428,18.975
429,3.440079
430,20.166667
431,14.905556
432,6.880556
433,15.496429
434,13.644444
435,10.880556
436,21.641667
437,17.51369
438,20.375
439,22.0
440,16.425
441,6.688889
442,22.0
443,5.325
444,17.646429
445,22.141667
446,18.254762
447,5.841667
448,11.294444
449,17.066667
450,23.5
451,14.533333
452,22.333333
453,9.572222
454,11.311111
455,21.046429
456,20.333333
457,14.433333
458,6.516667
459,4.88254
460,17.754762
461,5.391667
462,20.516667
463,19.141667
464,19.75
465,20.879762
466,21.75754
467,17.471429
468,4.822222
469,22.416667
470,21.333333
471,20.516667
472,19.808333
473,8.022222
474,22.208333
475,7.2
476,20.201984
477,20.25
478,6.047222
479,20.421429
480,21.75
481,20.097024
482,19.704762
483,19.466667
484,18.225
485,18.641667
486,21.916667
487,21.225
488,21.166667
489,22.666667
490,19.766667
491,3.85
492,4.512302
493,19.941667
494,22.75
495,19.658333
496,22.5
497,9.572222
498,21.25
499,18.933333
500,20.225
501,20.958333
502,3.956746
503,24.211111
504,12.686111
505,20.791667
506,12.772222
507,23.5
508,22.308333
509,20.166667
510,13.336111
511,11.977778
512,7.491667
513,19.991667
514,20.933333
515,20.916667
516,21.25
517,17.25
518,20.491667
519,22.041667
520,21.041667
521,22.75
522,20.141667
523,8.533333
524,21.625
525,21.546429
526,20.941667
527,19.891667
528,21.641667
529,21.225
530,4.694444
531,12.483333
532,19.683333
533,21.916667
534,14.394444
535,21.25
536,20.208333
537,22.0
538,22.666667
539,23.75
540,21.266667
541,19.2
542,21.419444
543,21.75
544,19.808333
545,22.208333
546,21.708333
547,21.916667
548,20.421429
549,22.458333
550,5.645635
551,20.391667
552,20.891667
553,21.183333
554,20.766667
555,21.975
556,21.6
557,20.296429
558,20.533333
559,18.766667
560,22.291667
561,23.25
562,23.0
563,20.975
564,17.283333
565,22.166667
566,22.75
567,19.752778
568,23.0
569,14.686111
570,21.766667
571,18.871429
572,3.533333
573,21.058333
574,19.275
575,20.008333
576,21.141667
577,18.016667
578,21.016667
579,12.405556
580,21.516667
581,19.766667
582,21.791667
583,22.333333
584,21.666667
585,22.291667
586,4.273413
587,16.905556
588,21.266667
589,22.708333
590,21.516667
591,20.075
592,20.975
593,19.6
594,10.90119
595,20.725
596,19.958333
597,21.558333
598,23.0
599,22.25
600,22.25
601,20.391667
602,7.058333
603,19.85
604,19.058333
605,19.725
606,22.141667
607,20.708333
608,17.179762
609,20.666667
610,20.671429
611,19.641667
612,21.341667
613,21.916667
614,20.975
615,21.708333
616,11.248413
617,21.558333
618,22.666667
619,22.75
620,21.516667
621,20.683333
622,21.046429
623,22.375
624,19.85
625,22.666667
626,22.058333
627,23.75
628,23.75
629,22.391667
630,20.891667
631,22.75
632,20.141667
633,6.147222
634,22.541667
635,21.141667
636,23.25
637,23.0
638,21.379762
639,23.041667
640,23.25
641,22.833333
642,20.766667
643,20.075
644,20.741667
645,21.308333
646,20.463095
647,20.6
648,21.016667
649,22.5
650,22.391667
651,22.041667
652,14.655556
653,20.296429
654,21.041667
655,19.463095
656,20.891667
657,23.083333
658,20.796429
659,23.75
660,22.333333
661,19.6
662,23.75
663,22.391667
664,19.896429
665,22.166667
666,18.338095
667,20.725
668,20.116667
669,22.791667
670,21.641667
671,19.680357
672,21.141667
673,22.141667
674,22.541667
675,16.713889
676,20.546429
677,22.583333
678,20.613889
679,13.005556
680,21.141667
681,22.916667
682,22.666667
683,21.975
684,15.946429
685,18.916667
686,20.625
687,22.391667
688,21.225
689,20.641667
690,21.35
691,19.891667
692,21.546429
693,22.0
694,20.425
695,22.75
696,22.25
697,22.291667
698,21.808333
699,22.166667
700,20.45119
701,21.458333
702,23.5
703,22.666667
704,17.546429
705,20.891667
706,21.408333
707,20.791667
708,22.541667
709,23.75
710,23.5
711,22.166667
712,22.791667
713,19.691667
714,20.533333
715,19.742857
716,20.00754
717,18.547222
718,22.791667
719,22.291667
720,20.5
721,21.296429
722,22.75
723,22.783333
724,22.141667
725,23.041667
726,23.0
727,21.016667
728,21.516667
729,20.391667
730,21.1
731,18.675
732,22.5
733,21.725
734,22.25
735,21.296429
736,21.546429
737,22.583333
738,19.891667
739,20.141667
740,22.083333
741,22.416667
742,21.583333
743,19.379762
744,21.416667
745,22.141667
746,20.975
747,21.296429
748,19.766667
749,21.85
750,23.5
751,20.908333
752,22.391667
753,21.891667
754,23.25
755,19.366667
756,21.725
757,23.5
758,19.225
759,20.316667
760,21.475
761,21.975
762,22.916667
763,21.666667
764,21.725
765,20.05
766,22.666667
767,21.991667
768,22.333333
769,21.1
770,21.683333
771,20.033333
772,22.416667
773,21.808333
774,22.291667
775,21.546429
776,21.213095
777,20.666667
778,21.891667
779,23.0
780,21.296429
781,22.391667
782,21.891667
783,20.766667
784,19.171429
785,21.391667
786,22.291667
787,21.916667
788,21.725
789,24.0
790,21.975
791,23.166667
792,22.5
793,19.879762
794,21.296429
795,22.333333
796,22.75
797,21.546429
798,23.041667
799,22.291667
800,20.588095
801,22.791667
802,20.725
803,23.25
804,23.5
805,20.796429
806,21.491667
807,23.75
808,23.0
809,21.991667
810,20.671429
811,22.583333
812,18.325
813,21.891667
814,21.975
815,22.916667
816,22.416667
817,22.416667
818,21.213095
819,10.461111
820,23.041667
821,22.583333
822,23.5
823,21.891667
824,19.433333
825,20.991667
826,23.166667
827,22.541667
828,21.458333
829,22.166667
830,23.5
831,24.0
832,19.746429
833,20.641667
834,22.225
835,20.891667
836,22.75
837,21.725
838,20.546429
839,21.463095
840,21.591667
841,22.333333
842,21.308333
843,23.041667
844,22.391667
845,21.975
846,21.391667
847,21.708333
848,22.25
849,22.666667
850,21.708333
851,23.25
852,22.377778
853,22.208333
854,22.291667
855,22.041667
856,21.958333
857,23.0
858,22.058333
859,23.166667
860,19.916667
861,20.85
862,21.741667
863,20.254762
864,21.975
865,20.808333
866,22.541667
867,22.583333
868,21.171429
869,20.691667
870,23.25
871,23.0
872,19.433333
873,22.75
874,22.391667
875,21.046429
876,23.75
877,23.041667
878,21.891667
879,22.791667
880,23.5
881,22.791667
882,21.891667
883,22.5
884,20.583333
885,19.35
886,20.775595
887,20.433333
888,22.791667
889,20.908333
890,21.158333
891,22.75
892,20.958333
893,19.896429
894,21.546429
895,21.791667
896,22.141667
897,21.366667
898,21.6
899,19.775595
900,22.141667
901,22.308333
902,21.391667
903,23.166667
904,20.266667
905,22.916667
906,22.916667
907,22.141667
908,20.546429
909,22.791667
910,23.5
911,22.208333
912,20.671429
913,22.25
914,23.166667
915,20.916667
916,21.796429
917,20.641667
918,23.416667
919,22.791667
920,23.75
921,23.5
922,23.5
923,12.283333
924,20.708333
925,21.475
926,18.504762
927,23.0
928,20.308333
929,21.075
930,23.5
931,23.75
932,20.35
933,23.416667
934,18.222619
935,23.25
936,21.891667
937,22.583333
938,22.666667
939,22.641667
940,21.225
941,22.791667
942,22.75
943,23.75
944,22.333333
945,20.725
946,23.166667
947,21.808333
948,23.75
949,22.708333
950,23.75
951,23.416667
952,22.225
953,22.791667
954,22.708333
955,22.458333
956,21.516667
957,21.391667
958,23.166667
959,22.458333
960,22.166667
961,24.0
962,23.25
963,22.5
964,22.375
965,20.558333
966,24.0
967,20.171429
968,22.916667
969,22.083333
970,21.046429
971,21.725
972,21.891667
973,22.641667
974,22.791667
975,20.629762
976,22.458333
977,22.016667
978,18.716667
979,23.75
980,22.541667
981,5.322222
982,21.516667
983,20.783333
984,22.291667
985,21.225
986,23.083333
987,20.975
988,20.766667
989,22.141667
990,19.475
991,20.225
992,22.416667
993,21.975
994,22.083333
995,21.725
996,21.796429
997,22.225
998,20.254762
999,21.088095
1000,20.541667
1001,22.25
1002,20.796429
1003,9.13254
1004,23.416667
1005,22.041667
1006,22.225
1007,22.791667
1008,21.125
1009,22.416667
1010,22.125
1011,22.391667
1012,20.908333
1013,22.225
1014,24.0
1015,22.269444
1016,21.158333
1017,21.916667
1018,23.5
1019,21.933333
1020,23.166667
1021,22.391667
1022,23.041667
1023,22.916667
1024,23.166667
1025,22.058333
1026,21.641667
1027,21.225
1028,21.183333
1029,22.25
1030,21.975
1031,22.541667
1032,20.046429
1033,22.458333
1034,21.891667
1035,22.058333
1036,22.266667
1037,24.0
1038,21.391667
1039,22.416667
1040,21.225
1041,22.666667
1042,20.466667
1043,21.016667
1044,23.5
1045,21.296429
1046,20.641667
1047,22.391667
1048,20.108929
1049,20.95
1050,22.791667
1051,21.35
1052,21.916667
1053,22.141667
1054,20.283333
1055,21.546429
1056,23.5
1057,22.833333
1058,22.791667
1059,22.916667
1060,20.625
1061,6.1
1062,22.641667
1063,24.0
1064,21.725
1065,21.725
1066,24.0
1067,21.546429
1068,21.391667
1069,22.291667
1070,20.558333
1071,20.046429
1072,24.0
1073,23.5
1074,20.725
1075,23.083333
1076,21.725
1077,22.666667
1078,23.25
1079,21.458333
1080,22.225
1081,21.725
1082,22.666667
1083,22.791667
1084,22.583333
1085,22.391667
1086,24.0
1087,22.291667
1088,21.796429
1089,23.75
1090,22.083333
1091,22.541667
1092,22.083333
1093,23.25
1094,22.125
1095,21.558333
1096,21.546429
1097,22.291667
1098,23.5
1099,24.0
1100,22.916667
1101,19.546429
1102,20.891667
1103,23.416667
1104,24.0
1105,23.75
1106,23.5
1107,22.016667
1108,21.125
1109,23.416667
1110,22.666667
1111,20.883333
1112,22.666667
1113,23.083333
1114,24.1
1115,23.041667
1116,19.358929
1117,22.166667
1118,22.416667
1119,20.021429
1120,21.546429
1121,23.75
1122,21.641667
1123,22.5
1124,23.75
1125,23.416667
1126,23.0
1127,21.088095
1128,23.041667
1129,22.266667
1130,22.916667
1131,21.141667
1132,20.95
1133,22.916667
1134,21.391667
1135,22.225
1136,23.0
1137,21.725
1138,23.25
1139,23.041667
1140,20.796429
1141,22.708333
1142,22.266667
1143,20.766667
1144,22.916667
1145,22.541667
1146,22.791667
1147,23.25
1148,22.666667
1149,23.75
1150,20.475
1151,22.641667
1152,22.541667
1153,22.308333
1154,21.908333
1155,20.475
1156,22.75
1157,22.75
1158,21.958333
1159,22.391667
1160,23.166667
1161,21.991667
1162,23.75
1163,23.041667
1164,22.791667
1165,21.333333
1166,23.75
1167,23.041667
1168,22.916667
1169,22.708333
1170,22.641667
1171,24.0
1172,17.102778
1173,22.791667
1174,21.6
1175,22.708333
1176,23.041667
1177,23.166667
1178,20.725
1179,23.75
1180,20.641667
1181,21.541667
1182,21.296429
1183,22.666667
1184,23.25
1185,21.641667
1186,22.391667
1187,21.641667
1188,23.041667
1189,20.075
1190,22.916667
1191,23.75
1192,23.041667
1193,23.25
1194,21.458333
1195,21.6
1196,21.546429
1197,23.75
1198,23.041667
1199,22.083333
1200,21.296429
1201,22.058333
1202,22.5
1203,24.0
1204,22.041667
1205,21.058333
1206,21.583333
1207,21.225
1208,22.641667
1209,22.391667
1210,22.641667
1211,21.725
1212,24.0
1213,20.379762
1214,21.725
1215,24.0
1216,20.463095
1217,21.141667
1218,23.041667
1219,22.391667
1220,21.296429
1221,23.75
1222,22.391667
1223,23.5
1224,23.166667
1225,22.141667
1226,22.916667
1227,22.791667
1228,22.75
1229,22.391667
1230,23.416667
1231,23.75
1232,21.796429
1233,13.072222
1234,20.3
1235,23.083333
1236,21.475
1237,20.725
1238,21.791667
1239,22.416667
1240,21.516667
1241,22.416667
1242,23.25
1243,23.416667
1244,20.838095
1245,22.791667
1246,23.5
1247,21.891667
1248,23.75
1249,22.416667
1250,23.5
1251,23.75
1252,21.85
1253,22.541667
1254,23.75
1255,23.166667
1256,22.391667
1257,22.291667
1258,22.708333
1259,21.641667
1260,21.796429
1261,23.166667
1262,21.796429
1263,22.225
1264,22.391667
1265,23.041667
1266,23.166667
1267,22.833333
1268,22.166667
1269,23.416667
1270,23.5
1271,21.808333
1272,20.963095
1273,22.641667
1274,22.641667
1275,23.5
1276,23.166667
1277,22.416667
1278,21.225
1279,21.975
1280,22.641667
1281,20.838095
1282,21.808333
1283,22.541667
1284,23.5
1285,22.391667
1286,21.791667
1287,22.541667
1288,22.833333
1289,23.5
1290,23.041667
1291,21.341667
1292,22.641667
1293,22.916667
1294,24.0
1295,21.641667
1296,22.291667
1297,22.058333
1298,21.475
1299,23.5
1300,22.641667
1301,22.141667
1302,24.0
1303,22.308333
1304,22.041667
1305,21.546429
1306,23.5
1307,23.166667
1308,22.541667
1309,21.891667
1310,21.808333
1311,21.575
1312,23.083333
1313,23.041667
1314,21.266667
1315,20.7
1316,23.166667
1317,23.416667
1318,22.083333
1319,20.708929
1320,22.225
1321,22.708333
1322,21.391667
1323,21.796429
1324,23.041667
1325,22.141667
1326,23.041667
1327,22.266667
1328,20.841667
1329,20.975
1330,21.891667
1331,21.916667
1332,21.421429
1333,22.916667
1334,22.141667
1335,20.891667
1336,22.266667
1337,24.0
1338,22.666667
1339,23.25
1340,23.416667
1341,21.808333
1342,21.1
1343,23.75
1344,21.975
1345,22.391667
1346,22.641667
1347,22.791667
1348,21.475
1349,22.791667
1350,23.5
1351,21.475
1352,22.791667
1353,21.725
1354,22.541667
1355,22.391667
1356,20.546429
1357,19.475
1358,24.0
1359,22.391667
1360,23.5
1361,22.541667
1362,23.25
1363,22.916667
1364,23.75
1365,23.0
1366,22.291667
1367,22.083333
1368,21.291667
1369,21.975
1370,21.641667
1371,23.416667
1372,22.225
1373,20.213095
1374,22.141667
1375,22.541667
1376,22.791667
1377,20.891667
1378,23.75
1379,23.5
1380,20.463095
1381,22.641667
1382,21.725
1383,20.116667
1384,22.666667
1385,21.791667
1386,21.975
1387,24.0
1388,22.541667
1389,22.916667
1390,22.916667
1391,18.829762
1392,22.791667
1393,23.166667
1394,21.975
1395,21.725
1396,22.016667
1397,19.713095
1398,23.041667
1399,22.666667
1400,22.141667
1401,20.879762
1402,20.891667
1403,23.041667
1404,24.0
1405,23.166667
1406,23.25
1407,21.766667
1408,21.475
1409,22.308333
1410,21.975
1411,22.458333
1412,21.296429
1413,22.666667
1414,22.791667
1415,22.541667
1416,22.141667
1417,22.141667
1418,22.041667
1419,21.266667
1420,21.641667
1421,23.166667
1422,23.75
1423,22.916667
1424,22.583333
1425,23.0
1426,24.0
1427,22.791667
1428,22.541667
1429,24.0
1430,20.891667
1431,23.041667
1432,22.916667
1433,20.366667
1434,22.641667
1435,22.416667
1436,23.0
1437,22.391667
1438,22.266667
1439,23.041667
1440,21.891667
1441,22.391667
1442,23.0
1443,23.75
1444,22.641667
1445,22.391667
1446,22.75
1447,23.75
1448,23.416667
1449,21.833333
1450,23.5
1451,23.5
1452,22.791667
1453,22.916667
1454,22.225
1455,22.791667
1456,23.416667
1457,22.266667
1458,22.225
1459,22.641667
1460,22.166667
1461,21.046429
1462,22.916667
1463,21.975
1464,21.796429
1465,22.058333
1466,22.916667
1467,22.791667
1468,23.25
1469,23.041667
1470,21.366667
1471,23.166667
1472,23.75
1473,22.916667
1474,23.75
1475,23.25
1476,21.171429
1477,22.791667
1478,21.85
1479,21.75
1480,21.546429
1481,22.641667
1482,22.225
1483,21.725
1484,21.641667
1485,20.275595
1486,22.241667
1487,23.041667
1488,23.5
1489,23.5
1490,21.808333
1491,23.416667
1492,21.891667
1493,23.5
1494,22.791667
1495,22.416667
1496,22.458333
1497,20.963095
1498,23.5
1499,23.416667
1500,22.291667
1501,22.916667
1502,23.041667
1503,22.308333
1504,20.783333
1505,23.5
1506,23.041667
1507,22.791667
1508,23.5
1509,23.041667
1510,23.416667
1511,23.75
1512,21.808333
1513,22.641667
1514,20.671429
1515,24.0
1516,22.291667
1517,22.458333
1518,21.425
1519,23.5
1520,20.975
1521,21.916667
1522,23.75
1523,21.725
1524,21.796429
1525,23.083333
1526,21.046429
1527,22.291667
1528,21.975
1529,22.666667
1530,22.791667
1531,22.916667
1532,22.916667
1533,23.041667
1534,22.833333
1535,21.6
1536,22.391667
1537,23.416667
1538,21.796429
1539,21.546429
1540,20.004762
1541,22.916667
1542,22.641667
1543,21.796429
1544,21.296429
1545,22.791667
1546,23.083333
1547,24.0
1548,22.391667
1549,23.041667
1550,23.416667
1551,22.225
1552,22.541667
1553,21.296429
1554,21.641667
1555,23.75
1556,22.266667
1557,23.25
1558,22.708333
1559,23.041667
1560,22.666667
1561,24.0
1562,22.541667
1563,24.0
1564,23.5
1565,22.641667
1566,23.75
1567,22.708333
1568,23.041667
1569,22.416667
1570,21.546429
1571,21.546429
1572,21.058333
1573,22.641667
1574,21.796429
1575,23.041667
1576,22.225
1577,21.058333
1578,21.171429
1579,22.641667
1580,22.416667
1581,21.975
1582,19.917262
1583,21.546429
1584,22.833333
1585,22.266667
1586,23.75
1587,22.641667
1588,23.75
1589,22.225
1590,21.463095
1591,22.916667
1592,22.291667
1593,23.75
1594,23.75
1595,24.0
1596,21.975
1597,20.796429
1598,22.641667
1599,23.041667
1600,22.541667
1601,22.225
1602,23.166667
1603,21.296429
1604,23.166667
1605,22.791667
1606,22.416667
1607,22.641667
1608,22.391667
1609,23.041667
1610,20.975
1611,21.796429
1612,23.166667
1613,23.041667
1614,22.916667
1615,23.416667
1616,23.083333
1617,22.541667
1618,22.225
1619,21.975
1620,21.546429
1621,23.416667
1622,23.416667
1623,24.0
1624,22.641667
1625,21.975
1626,23.083333
1627,22.391667
1628,21.85
1629,23.416667
1630,22.641667
1631,23.083333
1632,22.641667
1633,23.041667
1634,23.041667
1635,23.083333
1636,23.75
1637,23.166667
1638,22.541667
1639,22.391667
1640,21.546429
1641,22.391667
1642,22.291667
1643,21.975
1644,22.391667
1645,21.791667
1646,22.225
1647,23.75
1648,23.416667
1649,22.225
1650,21.891667
1651,23.75
1652,23.041667
1653,21.225
1654,21.796429
1655,21.391667
1656,22.916667
1657,22.541667
1658,22.791667
1659,22.225
1660,23.041667
1661,21.213095
1662,22.916667
1663,22.225
1664,22.791667
1665,23.041667
1666,21.975
1667,23.166667
1668,24.0
1669,21.891667
1670,21.975
1671,23.416667
1672,23.5
1673,22.016667
1674,23.041667
1675,20.841667
1676,22.541667
1677,21.171429
1678,22.641667
1679,19.891667
1680,21.225
1681,22.541667
1682,21.866667
1683,21.421429
1684,23.166667
1685,22.058333
1686,24.0
1687,22.641667
1688,23.75
1689,19.504762
1690,23.5
1691,23.041667
1692,23.166667
1693,21.546429
1694,21.991667
1695,22.641667
1696,22.641667
1697,22.641667
1698,22.391667
1699,23.416667
1700,21.796429
1701,22.583333
1702,23.75
1703,21.796429
1704,20.575
1705,24.0
1706,22.225
1707,23.75
1708,24.0
1709,22.641667
1710,23.416667
1711,23.416667
1712,23.75
1713,22.641667
1714,23.041667
1715,24.0
1716,21.975
1717,23.166667
1718,22.641667
1719,23.5
1720,22.291667
1721,5.686111
1722,22.916667
1723,23.166667
1724,22.641667
1725,23.083333
1726,23.25
1727,23.166667
1728,21.725
1729,23.416667
1730,23.5
1731,23.416667
1732,23.5
1733,22.791667
1734,22.791667
1735,22.141667
1736,23.5
1737,21.796429
1738,21.391667
1739,24.0
1740,23.041667
1741,21.975
1742,22.833333
1743,22.916667
1744,22.058333
1745,21.546429
1746,22.391667
1747,24.0
1748,22.541667
1749,23.75
1750,21.325
1751,23.75
1752,23.416667
1753,22.225
1754,24.0
1755,20.866667
1756,23.75
1757,22.916667
1758,22.833333
1759,22.583333
1760,23.083333
1761,23.041667
1762,22.641667
1763,22.225
1764,22.391667
1765,23.25
1766,23.416667
1767,22.641667
1768,23.416667
1769,22.391667
1770,21.641667
1771,21.296429
1772,21.975
1773,23.75
1774,23.416667
1775,23.25
1776,23.041667
1777,23.75
1778,20.733929
1779,21.891667
1780,22.225
1781,22.791667
1782,21.975
1783,22.641667
1784,23.416667
1785,23.75
1786,23.416667
1787,22.641667
1788,24.0
1789,21.891667
1790,23.25
1791,22.391667
1792,21.891667
1793,23.75
1794,22.791667
1795,23.25
1796,22.225
1797,21.546429
1798,22.791667
1799,22.416667
1800,22.641667
1801,23.041667
1802,22.666667
1803,23.041667
1804,22.25
1805,23.166667
1806,21.463095
1807,21.725
1808,23.041667
1809,22.058333
1810,23.041667
1811,23.041667
1812,22.225
1813,23.416667
1814,22.641667
1815,22.791667
1816,23.041667
1817,22.125
1818,23.041667
1819,21.975
1820,23.416667
1821,23.166667
1822,21.796429
1823,22.266667
1824,20.921429
1825,22.708333
1826,24.0
1827,21.6
1828,22.583333
1829,22.641667
1830,22.641667
1831,21.216667
1832,21.975
1833,23.166667
1834,22.641667
1835,24.0
1836,23.75
1837,22.666667
1838,23.083333
1839,23.166667
1840,22.641667
1841,22.641667
1842,22.791667
1843,22.641667
1844,21.546429
1845,23.166667
1846,22.333333
1847,23.166667
1848,21.6
1849,22.641667
1850,23.416667
1851,23.416667
1852,21.463095
1853,24.0
1854,21.796429
1855,23.416667
1856,21.516667
1857,22.058333
1858,21.796429
1859,23.416667
1860,23.75
1861,21.108929
1862,22.266667
1863,21.796429
1864,21.975
1865,23.041667
1866,22.225
1867,23.75
1868,24.0
1869,21.396429
1870,21.991667
1871,22.641667
1872,23.416667
1873,23.041667
1874,23.416667
1875,23.416667
1876,21.475
1877,23.416667
1878,22.141667
1879,22.641667
1880,22.641667
1881,23.416667
1882,23.041667
1883,23.75
1884,21.046429
1885,23.75
1886,22.225
1887,23.416667
1888,22.641667
1889,23.416667
1890,22.641667
1891,21.796429
1892,23.75
1893,23.416667
1894,22.791667
1895,23.041667
1896,23.041667
1897,22.708333
1898,22.791667
1899,24.0
1900,22.641667
1901,21.6
1902,24.0
1903,22.225
1904,23.041667
1905,22.641667
1906,23.416667
1907,21.796429
1908,21.796429
1909,24.0
1910,23.0
1911,22.791667
1912,23.75
1913,23.416667
1914,22.391667
1915,22.641667
1916,23.416667
1917,23.041667
1918,23.416667
1919,22.375
1920,24.0
1921,23.041667
1922,21.063095
1923,21.796429
1924,22.641667
1925,22.225
1926,22.641667
1927,24.0
1928,23.75
1929,21.796429
1930,23.041667
1931,21.796429
1932,23.041667
1933,21.891667
1934,23.041667
1935,22.708333
1936,22.225
1937,23.416667
1938,23.416667
1939,22.641667
1940,23.416667
1941,22.641667
1942,21.796429
1943,22.791667
1944,22.641667
1945,22.641667
1946,21.796429
1947,23.416667
1948,21.975
1949,23.416667
1950,22.641667
1951,23.041667
1952,23.416667
1953,23.5
1954,23.75
1955,21.825
1956,22.391667
1957,22.916667
1958,21.796429
1959,22.833333
1960,22.641667
1961,22.308333
1962,23.166667
1963,22.416667
1964,23.041667
1965,23.041667
1966,23.75
1967,22.791667
1968,23.75
1969,22.641667
1970,22.225
1971,21.641667
1972,23.75
1973,23.041667
1974,22.225
1975,22.791667
1976,21.85
1977,22.391667
1978,22.225
1979,22.641667
1980,23.041667
1981,22.641667
1982,22.641667
1983,23.5
1984,23.75
1985,22.225
1986,23.416667
1987,23.041667
1988,23.75
1989,22.791667
1990,22.641667
1991,23.041667
1992,21.796429
1993,22.641667
1994,23.041667
1995,21.796429
1996,23.416667
1997,24.0
1998,22.241667
1999,23.041667
2000,24.0
2001,23.166667
2002,21.975
2003,21.421429
2004,23.416667
2005,24.0
2006,22.641667
2007,23.041667
2008,21.45
2009,23.75
2010,23.083333
2011,23.5
2012,21.975
2013,23.041667
2014,24.0
2015,23.041667
2016,23.041667
2017,21.891667
2018,23.416667
2019,22.791667
2020,20.546429
2021,23.416667
2022,23.041667
2023,23.75
2024,21.975
2025,23.041667
2026,22.208333
2027,21.546429
2028,24.0
2029,21.975
2030,22.225
2031,22.225
2032,22.241667
2033,23.416667
2034,21.796429
2035,23.166667
2036,22.641667
2037,22.641667
2038,22.266667
2039,23.041667
2040,22.225
2041,23.083333
2042,23.416667
2043,21.796429
2044,23.041667
2045,21.891667
2046,23.083333
2047,23.041667
2048,21.796429
2049,24.0
2050,22.225
2051,21.891667
2052,23.041667
2053,23.416667
2054,23.75
2055,22.391667
2056,23.041667
2057,23.416667
2058,23.166667
2059,23.75
2060,23.416667
2061,23.041667
2062,21.796429
2063,23.416667
2064,24.0
2065,23.75
2066,22.641667
2067,23.416667
2068,22.225
2069,22.225
2070,22.641667
2071,22.266667
2072,22.641667
2073,22.641667
2074,23.041667
2075,24.0
2076,23.416667
2077,22.225
2078,23.75
2079,23.041667
2080,23.416667
2081,23.416667
2082,22.333333
2083,21.796429
2084,23.416667
2085,23.041667
2086,23.083333
2087,22.583333
2088,22.641667
2089,21.266667
2090,22.666667
2091,21.891667
2092,23.041667
2093,22.225
2094,24.0
2095,22.641667
2096,21.1
2097,23.416667
2098,23.041667
2099,22.641667
2100,23.75
2101,23.5
2102,21.05
2103,21.641667
2104,21.975
2105,21.6
2106,21.266667
2107,22.308333
2108,20.396429
2109,22.641667
2110,21.391667
2111,22.583333
2112,21.266667
2113,21.975
2114,23.041667
2115,24.0
2116,24.0
2117,23.416667
2118,22.225
2119,21.516667
2120,22.641667
2121,22.641667
2122,23.041667
2123,23.75
2124,22.058333
2125,21.891667
2126,22.641667
2127,22.791667
2128,23.416667
2129,24.0
2130,23.166667
2131,22.225
2132,22.791667
2133,21.796429
2134,22.225
2135,21.796429
2136,23.041667
2137,24.0
2138,22.916667
2139,23.166667
2140,22.791667
2141,22.225
2142,22.375
2143,21.975
2144,22.308333
2145,23.416667
2146,22.641667
2147,22.225
2148,23.5
2149,23.041667
2150,23.083333
2151,21.796429
2152,22.916667
2153,22.225
2154,23.041667
2155,22.225
2156,22.641667
2157,23.041667
2158,22.791667
2159,22.641667
2160,23.041667
2161,23.416667
2162,24.0
2163,22.641667
2164,23.416667
2165,23.041667
2166,22.225
2167,22.225
2168,23.75
2169,21.796429
2170,22.708333
2171,19.872817
2172,22.266667
2173,20.933333
2174,22.641667
2175,22.641667
2176,23.041667
2177,22.5
2178,23.166667
2179,23.416667
2180,23.041667
2181,23.75
2182,23.041667
2183,22.641667
2184,22.225
2185,23.75
2186,22.225
2187,24.0
2188,22.225
2189,22.375
2190,23.75
2191,21.796429
2192,24.0
2193,23.416667
2194,22.308333
2195,23.041667
2196,23.416667
2197,23.416667
2198,21.296429
2199,21.421429
2200,22.225
2201,21.796429
2202,23.416667
2203,21.225
2204,22.225
2205,22.333333
2206,22.641667
2207,23.75
2208,22.666667
2209,22.225
2210,21.85
2211,23.083333
2212,22.791667
2213,22.641667
2214,22.641667
2215,21.796429
2216,21.641667
2217,23.75
2218,22.641667
2219,23.416667
2220,22.708333
2221,23.041667
2222,23.5
2223,21.6
2224,23.5
2225,22.641667
2226,23.416667
2227,21.558333
2228,22.225
2229,22.641667
2230,23.75
2231,24.0
2232,24.0
2233,22.791667
2234,23.416667
2235,21.85
2236,22.641667
2237,22.308333
2238,21.575
2239,22.791667
2240,22.641667
2241,22.225
2242,22.641667
2243,24.0
2244,24.0
2245,22.333333
2246,23.166667
2247,22.791667
2248,22.641667
2249,21.425
2250,22.225
2251,23.041667
2252,22.225
2253,22.225
2254,22.266667
2255,22.225
2256,23.416667
2257,21.796429
2258,23.416667
2259,22.641667
2260,21.796429
2261,23.75
2262,22.016667
2263,21.796429
2264,23.166667
2265,22.391667
2266,23.041667
2267,23.416667
2268,23.041667
2269,22.225
2270,24.0
2271,22.141667
2272,23.166667
2273,22.308333
2274,21.546429
2275,23.416667
2276,22.225
2277,21.796429
2278,22.266667
2279,23.416667
2280,22.391667
2281,22.225
2282,23.041667
2283,22.141667
2284,22.225
2285,22.641667
2286,23.041667
2287,22.916667
2288,21.641667
2289,22.916667
2290,22.225
2291,22.641667
2292,23.416667
2293,23.166667
2294,23.166667
2295,23.75
2296,22.641667
2297,23.416667
2298,22.641667
2299,22.225
2300,21.796429
2301,23.041667
2302,21.975
2303,22.308333
2304,23.166667
2305,23.416667
2306,22.225
2307,22.225
2308,21.396429
2309,23.416667
2310,22.225
2311,23.416667
2312,24.0
2313,23.75
2314,22.266667
2315,22.458333
2316,22.641667
2317,22.308333
2318,22.225
2319,23.75
2320,23.416667
2321,22.641667
2322,23.416667
2323,23.416667
2324,23.041667
2325,23.166667
2326,23.75
2327,22.225
2328,22.016667
2329,23.5
2330,23.75
2331,20.641667
2332,24.0
2333,24.0
2334,22.225
2335,20.6
2336,22.641667
2337,23.416667
2338,23.25
2339,22.641667
2340,23.041667
2341,23.166667
2342,21.796429
2343,23.416667
2344,22.225
2345,23.416667
2346,22.225
2347,23.5
2348,22.666667
2349,22.641667
2350,23.041667
2351,24.0
2352,23.041667
2353,23.041667
2354,24.0
2355,22.641667
2356,23.25
2357,21.546429
2358,23.166667
2359,21.463095
2360,23.75
2361,22.225
2362,24.0
2363,21.575
2364,21.975
2365,23.75
2366,22.225
2367,22.391667
2368,22.308333
2369,22.666667
2370,22.791667
2371,21.021429
2372,22.641667
2373,21.796429
2374,21.975
2375,23.75
2376,23.75
2377,23.416667
2378,24.0
2379,22.708333
2380,23.041667
2381,24.0
2382,23.166667
2383,22.641667
2384,23.416667
2385,21.975
2386,23.416667
2387,21.891667
2388,23.083333
2389,23.083333
2390,23.041667
2391,23.75
2392,23.416667
2393,21.891667
2394,22.225
2395,24.0
2396,22.666667
2397,23.416667
2398,23.75
2399,24.0
2400,23.416667
2401,22.641667
2402,21.546429
2403,23.75
2404,22.225
2405,23.416667
2406,23.041667
2407,23.416667
2408,22.641667
2409,23.416667
2410,21.796429
2411,22.708333
2412,22.225
2413,22.266667
2414,21.796429
2415,23.416667
2416,22.391667
2417,21.35
2418,23.5
2419,21.421429
2420,21.975
2421,23.041667
2422,23.041667
2423,23.5
2424,23.75
2425,22.641667
2426,23.416667
2427,21.796429
2428,22.708333
2429,23.041667
2430,22.641667
2431,22.708333
2432,23.166667
2433,21.796429
2434,23.041667
2435,21.796429
2436,22.791667
2437,24.0
2438,24.0
2439,23.416667
2440,23.041667
2441,23.166667
2442,23.416667
2443,23.75
2444,24.0
2445,23.041667
2446,22.708333
2447,24.0
2448,23.416667
2449,22.641667
2450,23.416667
2451,23.416667
2452,24.0
2453,23.416667
2454,23.416667
2455,23.75
2456,23.041667
2457,23.416667
2458,23.416667
2459,24.0
2460,22.266667
2461,23.041667
2462,23.416667
2463,22.266667
2464,22.266667
2465,23.416667
2466,23.416667
2467,22.641667
2468,22.391667
2469,22.225
2470,23.166667
2471,23.166667
2472,23.041667
2473,23.041667
2474,22.641667
2475,21.225
2476,21.796429
2477,23.416667
2478,23.166667
2479,22.225
2480,23.416667
2481,22.225
2482,21.796429
2483,24.0
2484,21.463095
2485,22.708333
2486,23.416667
2487,21.796429
2488,22.391667
2489,23.416667
2490,23.416667
2491,23.75
2492,24.0
2493,23.416667
2494,21.991667
2495,22.708333
2496,23.75
2497,22.641667
2498,22.641667
2499,23.166667
2500,22.391667
2501,22.225
2502,21.975
2503,22.225
2504,23.25
2505,23.416667
2506,23.75
2507,22.225
2508,22.641667
2509,22.641667
2510,23.75
2511,22.666667
2512,23.166667
2513,21.796429
2514,23.041667
2515,23.166667
2516,22.641667
2517,21.6
2518,23.416667
2519,23.75
2520,23.041667
2521,24.0
2522,22.391667
2523,23.416667
2524,22.641667
2525,23.416667
2526,21.641667
2527,22.641667
2528,23.5
2529,23.416667
2530,23.416667
2531,23.416667
2532,22.708333
2533,21.641667
2534,23.041667
2535,23.041667
2536,22.225
2537,24.0
2538,23.416667
2539,23.416667
2540,22.225
2541,23.041667
2542,22.266667
2543,21.975
2544,21.796429
2545,23.75
2546,22.308333
2547,22.641667
2548,23.5
2549,22.391667
2550,22.225
2551,23.75
2552,23.166667
2553,21.141667
2554,23.041667
2555,22.708333
2556,23.5
2557,22.708333
2558,23.041667
2559,23.5
2560,21.463095
2561,22.391667
2562,23.75
2563,22.666667
2564,22.641667
2565,22.641667
2566,22.641667
2567,22.225
2568,23.166667
2569,22.225
2570,22.225
2571,22.641667
2572,22.266667
2573,22.641667
2574,23.416667
2575,22.641667
2576,22.016667
2577,23.416667
2578,23.166667
2579,22.641667
2580,22.225
2581,23.166667
2582,22.641667
2583,21.641667
2584,22.225
2585,22.641667
2586,23.75
2587,22.225
2588,22.225
2589,22.541667
2590,23.75
2591,23.041667
2592,22.791667
2593,23.041667
2594,23.041667
2595,24.0
2596,22.125
2597,22.791667
2598,22.641667
2599,22.225
2600,22.641667
2601,22.391667
2602,23.041667
2603,23.416667
2604,23.5
2605,23.041667
2606,22.225
2607,23.416667
2608,23.041667
2609,22.541667
2610,23.416667
2611,23.416667
2612,22.641667
2613,22.308333
2614,23.083333
2615,23.083333
2616,23.416667
2617,22.666667
2618,24.0
2619,22.641667
2620,23.041667
2621,23.5
2622,22.225
2623,23.75
2624,23.041667
2625,23.416667
2626,21.421429
2627,22.641667
2628,22.333333
2629,21.796429
2630,23.75
2631,22.791667
2632,23.416667
2633,22.641667
2634,21.396429
2635,23.5
2636,22.225
2637,24.0
2638,23.041667
2639,22.225
2640,22.708333
2641,22.391667
2642,23.75
2643,22.308333
2644,21.396429
2645,23.041667
2646,23.75
2647,23.75
2648,23.041667
2649,23.75
2650,22.708333
2651,23.75
2652,21.041667
2653,23.041667
2654,20.796429
2655,23.416667
2656,22.225
2657,22.391667
2658,23.041667
2659,22.641667
2660,22.641667
2661,22.641667
2662,21.796429
2663,23.041667
2664,23.041667
2665,22.641667
2666,22.641667
2667,24.0
2668,22.391667
2669,23.416667
2670,22.641667
2671,22.666667
2672,23.416667
2673,22.225
2674,23.75
2675,23.166667
2676,23.041667
2677,22.225
2678,24.0
2679,21.825
2680,23.416667
2681,23.75
2682,23.041667
2683,23.041667
2684,23.166667
2685,23.041667
2686,21.796429
2687,22.791667
2688,22.641667
2689,22.791667
2690,22.666667
2691,23.75
2692,21.85
2693,21.421429
2694,22.458333
2695,20.996429
2696,21.796429
2697,23.041667
2698,22.833333
2699,21.85
2700,22.641667
2701,22.391667
2702,23.75
2703,23.041667
2704,24.0
2705,23.041667
2706,22.225
2707,24.0
2708,23.041667
2709,23.416667
2710,21.546429
2711,23.416667
2712,22.225
2713,23.166667
2714,22.641667
2715,22.225
2716,23.75
2717,23.416667
2718,23.75
2719,22.641667
2720,22.916667
2721,23.166667
2722,22.225
2723,21.225
2724,21.641667
2725,23.416667
2726,21.796429
2727,23.75
2728,21.796429
2729,23.041667
2730,22.225
2731,22.666667
2732,24.0
2733,23.041667
2734,22.225
2735,23.416667
2736,22.141667
2737,22.225
2738,21.825
2739,23.041667
2740,22.583333
2741,22.225
2742,23.041667
2743,23.416667
2744,21.183333
2745,22.225
2746,22.641667
2747,21.796429
2748,24.0
2749,22.541667
2750,21.296429
2751,23.041667
2752,23.041667
2753,23.041667
2754,22.541667
2755,22.708333
2756,22.225
2757,23.166667
2758,23.416667
2759,22.708333
2760,22.225
2761,24.0
2762,22.641667
2763,22.916667
2764,23.416667
2765,21.796429
2766,23.041667
2767,22.791667
2768,23.416667
2769,22.225
2770,23.041667
2771,22.308333
2772,23.416667
2773,23.416667
2774,23.75
2775,23.75
2776,23.25
2777,23.416667
2778,23.75
2779,22.225
2780,23.416667
2781,21.85
2782,22.641667
2783,23.041667
2784,23.083333
2785,22.791667
2786,23.041667
2787,23.041667
2788,22.791667
2789,21.796429
2790,22.641667
2791,22.791667
2792,23.041667
2793,23.416667
2794,22.641667
2795,21.308333
2796,22.308333
2797,22.641667
2798,22.225
2799,24.0
2800,21.796429
2801,22.641667
2802,22.375
2803,23.416667
2804,22.641667
2805,23.416667
2806,22.791667
2807,23.041667
2808,21.796429
2809,23.75
2810,22.641667
2811,22.708333
2812,22.225
2813,23.75
2814,23.416667
2815,23.041667
2816,22.225
2817,24.0
2818,23.041667
2819,21.796429
2820,23.041667
2821,24.0
2822,23.416667
2823,24.0
2824,23.416667
2825,24.0
2826,22.225
2827,22.225
2828,23.041667
2829,21.825
2830,22.225
2831,23.041667
2832,23.416667
2833,23.416667
2834,24.0
2835,23.416667
2836,22.641667
2837,23.5
2838,22.225
2839,22.641667
2840,23.041667
2841,23.416667
2842,23.041667
2843,21.725
2844,23.166667
2845,22.225
2846,23.416667
2847,21.796429
2848,23.041667
2849,24.0
2850,24.0
2851,22.641667
2852,21.296429
2853,21.796429
2854,22.641667
2855,23.416667
2856,23.75
2857,24.0
2858,22.833333
2859,23.75
2860,23.041667
2861,23.75
2862,23.75
2863,22.225
2864,22.641667
2865,21.85
2866,24.0
2867,24.0
2868,23.25
2869,23.75
2870,22.225
2871,23.041667
2872,24.0
2873,23.5
2874,22.225
2875,23.416667
2876,22.225
2877,21.129762
2878,22.641667
2879,21.796429
2880,22.391667
2881,23.416667
2882,21.85
2883,23.166667
2884,22.416667
2885,22.225
2886,21.975
2887,23.041667
2888,22.391667
2889,23.75
2890,22.641667
2891,23.041667
2892,23.416667
2893,23.5
2894,22.641667
2895,22.791667
2896,21.796429
2897,21.796429
2898,22.641667
2899,23.75
2900,22.641667
2901,23.416667
2902,23.083333
2903,23.416667
2904,22.583333
2905,23.416667
2906,23.416667
2907,23.416667
2908,23.041667
2909,23.041667
2910,22.791667
2911,22.641667
2912,23.75
2913,22.225
2914,22.641667
2915,21.641667
2916,23.166667
2917,23.041667
2918,23.75
2919,22.791667
2920,23.416667
2921,22.641667
2922,23.416667
2923,22.708333
2924,23.416667
2925,21.725
2926,22.641667
2927,23.041667
2928,24.0
2929,23.5
2930,23.041667
2931,21.45
2932,22.225
2933,22.391667
2934,22.266667
2935,23.416667
2936,21.796429
2937,22.641667
2938,22.641667
2939,22.225
2940,23.041667
2941,22.225
2942,23.041667
2943,21.796429
2944,22.791667
2945,22.708333
2946,23.166667
2947,23.041667
2948,22.225
2949,23.416667
2950,22.391667
2951,21.421429
2952,23.75
2953,23.416667
2954,22.641667
2955,24.0
2956,23.416667
2957,23.083333
2958,22.708333
2959,22.225
2960,23.75
2961,21.45
2962,21.796429
2963,23.75
2964,23.041667
2965,22.016667
2966,23.041667
2967,23.75
2968,23.041667
2969,23.75
2970,23.25
2971,22.641667
2972,23.416667
2973,23.416667
2974,23.0
2975,21.891667
2976,24.0
2977,23.75
2978,23.416667
2979,21.546429
2980,22.641667
2981,23.75
2982,21.546429
2983,23.5
2984,24.0
2985,21.796429
2986,23.416667
2987,22.641667
2988,23.041667
2989,24.0
2990,22.225
2991,22.641667
2992,23.041667
2993,23.041667
2994,21.796429
2995,23.041667
2996,23.041667
2997,22.641667
2998,22.225
2999,23.75
3000,23.75
3001,23.416667
3002,23.041667
3003,22.641667
3004,22.641667
3005,23.083333
3006,21.546429
3007,23.041667
3008,22.666667
3009,23.083333
3010,22.225
3011,23.041667
3012,21.796429
3013,23.041667
3014,23.75
3015,23.75
3016,23.75
3017,22.641667
3018,22.708333
3019,22.391667
3020,21.891667
3021,22.641667
3022,24.0
3023,22.225
3024,23.416667
3025,21.796429
3026,22.641667
3027,23.75
3028,21.158333
3029,23.041667
3030,23.416667
3031,22.641667
3032,23.041667
3033,22.225
3034,23.041667
3035,22.791667
3036,22.708333
3037,22.641667
3038,22.458333
3039,23.041667
3040,24.0
3041,22.391667
3042,22.791667
3043,24.0
3044,23.416667
3045,22.225
3046,23.416667
3047,24.0
3048,21.975
3049,22.641667
3050,22.225
3051,21.225
3052,23.166667
3053,24.0
3054,22.791667
3055,22.225
3056,23.25
3057,22.225
3058,23.166667
3059,21.725
3060,22.641667
3061,20.796429
3062,22.225
3063,24.0
3064,23.416667
3065,21.546429
3066,23.416667
3067,22.141667
3068,22.641667
3069,22.708333
3070,23.25
3071,21.516667
3072,22.225
3073,24.0
3074,23.041667
3075,21.975
3076,22.666667
3077,22.666667
3078,21.796429
3079,22.791667
3080,22.266667
3081,21.796429
3082,22.225
3083,23.416667
3084,22.225
3085,23.75
3086,24.0
3087,24.0
3088,22.791667
3089,23.041667
3090,22.225
3091,22.225
3092,23.041667
3093,23.416667
3094,23.083333
3095,22.225
3096,24.0
3097,24.0
3098,23.75
3099,22.225
3100,22.225
3101,23.041667
3102,23.5
3103,23.75
3104,22.266667
3105,22.225
3106,21.796429
3107,22.225
3108,23.041667
3109,23.416667
3110,21.546429
3111,22.391667
3112,22.225
3113,23.75
3114,21.491667
3115,22.391667
3116,23.416667
3117,23.416667
3118,22.641667
3119,22.666667
3120,23.083333
3121,23.416667
3122,23.416667
3123,21.975
3124,21.391667
3125,22.225
3126,23.416667
3127,23.083333
3128,23.75
3129,22.641667
3130,23.041667
3131,21.841667
3132,23.041667
3133,23.75
3134,21.546429
3135,23.416667
3136,21.546429
3137,23.416667
3138,22.641667
3139,23.166667
3140,22.391667
3141,21.641667
3142,21.796429
3143,22.833333
3144,23.75
3145,23.166667
3146,23.416667
3147,23.416667
3148,22.666667
3149,23.041667
3150,24.0
3151,23.75
3152,21.796429
3153,24.0
3154,22.641667
3155,23.416667
3156,22.641667
3157,22.641667
3158,22.791667
3159,23.416667
3160,22.416667
3161,23.166667
3162,23.041667
3163,21.796429
3164,22.225
3165,23.75
3166,21.825
3167,21.796429
3168,24.0
3169,22.225
3170,21.546429
3171,21.796429
3172,23.041667
3173,23.041667
3174,21.975
3175,23.416667
3176,22.225
3177,23.041667
3178,23.166667
3179,22.791667
3180,23.041667
3181,22.391667
3182,22.225
3183,23.75
3184,23.041667
3185,23.416667
3186,23.083333
3187,23.166667
3188,21.5
3189,23.416667
3190,23.5
3191,22.225
3192,21.546429
3193,22.641667
3194,23.75
3195,24.0
3196,21.958333
3197,22.225
3198,22.208333
3199,21.975
3200,21.891667
3201,23.5
3202,22.641667
3203,21.396429
3204,21.796429
3205,23.416667
3206,21.975
3207,23.75
3208,22.916667
3209,22.791667
3210,23.166667
3211,23.75
3212,23.041667
3213,22.208333
3214,21.796429
3215,22.225
3216,24.0
3217,23.166667
3218,22.266667
3219,23.416667
3220,24.0
3221,22.225
3222,22.225
3223,22.058333
3224,23.416667
3225,22.225
3226,21.891667
3227,22.791667
3228,22.641667
3229,23.25
3230,23.416667
3231,23.75
3232,21.796429
3233,23.041667
3234,23.75
3235,23.041667
3236,23.041667
3237,22.641667
3238,23.416667
3239,22.791667
3240,22.266667
3241,21.641667
3242,24.0
3243,23.041667
3244,23.25
3245,21.463095
3246,23.5
3247,22.641667
3248,22.291667
3249,22.416667
3250,24.0
3251,21.796429
3252,22.791667
3253,22.225
3254,24.0
3255,20.796429
3256,23.75
3257,22.641667
3258,22.291667
3259,24.0
3260,23.5
3261,23.041667
3262,24.0
3263,22.641667
3264,22.916667
3265,24.0
3266,23.041667
3267,23.041667
3268,23.041667
3269,23.75
3270,22.641667
3271,23.083333
3272,22.166667
3273,22.208333
3274,22.458333
3275,22.708333
3276,22.016667
3277,22.791667
3278,23.416667
3279,22.333333
3280,23.416667
3281,23.041667
3282,23.041667
3283,22.791667
3284,23.5
3285,23.416667
3286,22.391667
3287,22.541667
3288,23.416667
3289,20.908333
3290,21.796429
3291,22.791667
3292,23.416667
3293,21.791667
3294,21.296429
3295,23.416667
3296,24.0
3297,21.908333
3298,23.166667
3299,23.5
3300,22.541667
3301,22.208333
3302,22.225
3303,20.641667
3304,22.791667
3305,21.35
3306,22.391667
3307,22.641667
3308,21.725
3309,23.5
3310,22.641667
3311,22.291667
3312,21.225
3313,22.391667
3314,22.666667
3315,21.241667
3316,21.296429
3317,23.166667
3318,23.166667
3319,21.546429
3320,22.541667
3321,21.975
3322,22.916667
3323,23.166667
3324,23.166667
3325,22.391667
3326,22.916667
3327,21.641667
3328,20.680357
3329,21.358929
3330,21.546429
3331,22.266667
3332,22.391667
3333,22.225
3334,21.796429
3335,21.85
3336,23.166667
3337,23.75
3338,22.041667
3339,23.041667
3340,22.641667
3341,24.0
3342,23.75
3343,23.5
3344,23.416667
3345,21.796429
